technique_id,tactic_id
T1055.011,15
T1055.011,12
T1053.005,6
T1053.005,11
T1053.005,12
T1205.002,15
T1205.002,11
T1205.002,2
T1560.001,1
T1021.005,10
T1047,6
T1687,4
T1113,1
T1027.011,15
T1037,11
T1037,12
T1557,3
T1557,1
T1033,5
T1583,14
T1218.011,15
T1613,5
T1583.007,14
T1132.001,2
T1027.009,15
T1556.003,4
T1556.003,11
T1556.003,3
T1578.004,4
T1592,13
T1596.003,13
T1056.001,1
T1056.001,3
T1564.012,15
T1222.002,4
T1110.001,3
T1216.001,15
T1597.002,13
T1003,3
T1129,6
T1602,1
T1561.002,8
T1498.001,8
T1574.007,15
T1574.007,6
T1213.002,1
T1006,15
T1588.007,14
T1666,4
T1564.008,15
T1491.002,8
T1027.013,15
T1590.005,13
T1499.001,8
T1014,15
T1546.013,12
T1546.013,11
T1059.007,6
T1685.003,4
T1590.002,13
T1485.001,8
T1123,1
T1543,11
T1543,12
T1133,11
T1133,9
T1546.006,12
T1546.006,11
T1539,3
T1053.007,6
T1053.007,11
T1053.007,12
T1568.002,2
T1036.007,15
T1548.002,12
T1496.003,8
T1016.001,5
T1548.003,12
T1685.001,4
T1682,13
T1560.003,1
T1578,4
T1584.008,14
T1583.008,14
T1069,5
T1114,1
T1003.002,3
T1596.002,13
T1542.001,15
T1542.001,11
T1594,13
T1069.003,5
T1574.011,15
T1574.011,6
T1596.001,13
T1499.003,8
T1195.001,9
T1588.004,14
T1583.002,14
T1561,8
T1071.004,2
T1552.005,3
T1555.002,3
T1615,5
T1542.003,15
T1542.003,11
T1025,1
T1218.013,15
T1074.001,1
T1036.005,15
T1587.003,14
T1565.001,8
T1110.002,3
T1114.001,1
T1555.001,3
T1547,11
T1547,12
T1003.004,3
T1600,4
T1606.002,3
T1036.008,15
T1489,8
T1587.001,14
T1652,5
T1087.002,5
T1547.014,11
T1547.014,12
T1564,15
T1559.002,6
T1204.002,6
T1591.003,13
T1685.004,4
T1071.005,2
T1592.001,13
T1080,10
T1484.002,4
T1484.002,12
T1213.006,1
T1573.001,2
T1087.001,5
T1586.001,14
T1176.001,11
T1542.005,15
T1542.005,11
T1686.003,4
T1543.003,11
T1543.003,12
T1568.001,2
T1497.001,15
T1497.001,5
T1053.003,6
T1053.003,11
T1053.003,12
T1069.002,5
T1588.006,14
T1566.002,9
T1499.004,8
T1137,11
T1218.004,15
T1598.003,13
T1021.004,10
T1098.003,11
T1098.003,12
T1547.012,11
T1547.012,12
T1566.001,9
T1027.008,15
T1559.001,6
T1574.001,15
T1574.001,6
T1119,1
T1689,4
T1115,1
T1003.007,3
T1583.005,14
T1555.005,3
T1553.001,4
T1675,6
T1608.004,14
T1007,5
T1040,3
T1040,5
T1553.002,4
T1530,1
T1565.003,8
T1552.002,3
T1135,5
T1120,5
T1036.009,15
T1590.004,13
T1587.002,14
T1222.001,4
T1137.006,11
T1685.002,4
T1505.002,11
T1082,5
T1071,2
T1574.014,15
T1574.014,6
T1074.002,1
T1098.006,11
T1098.006,12
T1053,6
T1053,11
T1053,12
T1218.007,15
T1590.003,13
T1498.002,8
T1556.002,4
T1556.002,11
T1556.002,3
T1505.005,11
T1059.002,6
T1176,11
T1499.002,8
T1195.003,9
T1106,6
T1558.005,3
T1070.007,15
T1558.004,3
T1584.003,14
T1059.010,6
T1600.001,4
T1070.003,15
T1202,15
T1091,10
T1091,9
T1005,1
T1140,15
T1137.005,11
T1586.003,14
T1586.002,14
T1098.007,11
T1098.007,12
T1608.001,14
T1195,9
T1190,9
T1558,3
T1555,3
T1567,7
T1219,2
T1583.001,14
T1560.002,1
T1055.003,15
T1055.003,12
T1684,15
T1036,15
T1546.011,12
T1546.011,11
T1552,3
T1547.010,11
T1547.010,12
T1070.008,15
T1037.002,11
T1037.002,12
T1659,9
T1659,2
T1055,15
T1055,12
T1567.004,7
T1205,15
T1205,11
T1205,2
T1021.008,10
T1218,15
T1070.006,15
T1557.004,3
T1557.004,1
T1620,15
T1016.002,5
T1480.002,15
T1564.011,15
T1611,12
T1518.002,5
T1547.009,11
T1547.009,12
T1010,5
T1569.003,6
T1087.003,5
T1497.003,15
T1497.003,5
T1218.003,15
T1563.001,10
T1029,7
T1021.002,10
T1525,11
T1572,2
T1218.002,15
T1599.001,4
T1608.002,14
T1547.005,11
T1547.005,12
T1036.011,15
T1550,10
T1597.001,13
T1011,7
T1602.002,1
T1589,13
T1560,1
T1553.003,4
T1185,1
T1021,10
T1071.003,2
T1556.007,4
T1556.007,11
T1556.007,3
T1595.002,13
T1059.009,6
T1596,13
T1218.015,15
T1207,4
T1553.006,4
T1610,6
T1112,4
T1112,11
T1543.004,11
T1543.004,12
T1580,5
T1555.003,3
T1574.008,15
T1574.008,6
T1491,8
T1535,15
T1557.003,3
T1557.003,1
T1563,10
T1564.013,15
T1027.001,15
T1505.003,11
T1484.001,4
T1484.001,12
T1685.006,4
T1217,5
T1552.004,3
T1583.004,14
T1021.006,10
T1011.001,7
T1078.001,15
T1078.001,11
T1078.001,12
T1078.001,9
T1547.003,11
T1547.003,12
T1546.005,12
T1546.005,11
T1574.006,15
T1574.006,6
T1136.001,11
T1681,13
T1674,6
T1092,2
T1585.002,14
T1557.001,3
T1557.001,1
T1222,4
T1003.001,3
T1176.002,11
T1595,13
T1027.016,15
T1548,12
T1134.002,15
T1134.002,12
T1548.001,12
T1547.004,11
T1547.004,12
T1021.003,10
T1110.003,3
T1090.002,2
T1056.003,1
T1056.003,3
T1589.002,13
T1598.004,13
T1683.001,14
T1003.005,3
T1098.004,11
T1098.004,12
T1673,5
T1590.006,13
T1546.012,12
T1546.012,11
T1218.008,15
T1593.002,13
T1591.002,13
T1548.005,12
T1125,1
T1055.013,15
T1055.013,12
T1016,5
T1578.003,4
T1593.003,13
T1574.005,15
T1574.005,6
T1546.008,12
T1546.008,11
T1496.002,8
T1087,5
T1090,2
T1059,6
T1204.005,6
T1685.005,4
T1136.002,11
T1564.014,15
T1589.003,13
T1677,6
T1482,5
T1558.001,3
T1020,7
T1592.004,13
T1219.001,2
T1036.002,15
T1588.001,14
T1027.017,15
T1542.002,15
T1542.002,11
T1070,15
T1048.001,7
T1137.001,11
T1583.003,14
T1213.001,1
T1550.003,10
T1609,6
T1083,5
T1568,2
T1036.004,15
T1055.004,15
T1055.004,12
T1020.001,7
T1647,4
T1127.003,15
T1127.003,6
T1546.009,12
T1546.009,11
T1114.003,1
T1074,1
T1649,3
T1098.005,11
T1098.005,12
T1049,5
T1584,14
T1553.005,4
T1600.002,4
T1542,15
T1542,11
T1612,15
T1055.002,15
T1055.002,12
T1218.012,15
T1586,14
T1569.001,6
T1584.005,14
T1059.008,6
T1552.003,3
T1559.003,6
T1497,15
T1497,5
T1102,2
T1552.001,3
T1568.003,2
T1218.005,15
T1547.015,11
T1547.015,12
T1608,14
T1608.005,14
T1104,2
T1657,8
T1480,15
T1619,5
T1606.001,3
T1654,5
T1134.001,15
T1134.001,12
T1567.001,7
T1021.007,10
T1205.001,15
T1205.001,11
T1205.001,2
T1027.012,15
T1583.006,14
T1528,3
T1598.002,13
T1098.001,11
T1098.001,12
T1204,6
T1491.001,8
T1564.002,15
T1134.003,15
T1134.003,12
T1552.006,3
T1048.002,7
T1087.004,5
T1683.002,14
T1057,5
T1556.008,4
T1556.008,11
T1556.008,3
T1546.003,12
T1546.003,11
T1596.004,13
T1497.002,15
T1497.002,5
T1496.004,8
T1585.003,14
T1072,6
T1072,10
T1041,7
T1134.004,15
T1134.004,12
T1591,13
T1606,3
T1621,3
T1554,11
T1552.008,3
T1059.001,6
T1546.001,12
T1546.001,11
T1055.014,15
T1055.014,12
T1071.002,2
T1679,15
T1212,3
T1546.014,12
T1546.014,11
T1102.003,2
T1590,13
T1210,10
T1534,10
T1574.010,15
T1574.010,6
T1547.001,11
T1547.001,12
T1199,9
T1136.003,11
T1069.001,5
T1593,13
T1098,11
T1098,12
T1048,7
T1547.006,11
T1547.006,12
T1678,15
T1056.002,1
T1056.002,3
T1686.002,4
T1588.002,14
T1052.001,7
T1574.013,15
T1574.013,6
T1597,13
T1053.006,6
T1053.006,11
T1053.006,12
T1566,9
T1542.004,15
T1542.004,11
T1218.001,15
T1496.001,8
T1070.005,15
T1090.003,2
T1110,3
T1059.004,6
T1137.003,11
T1219.003,2
T1565,8
T1559,6
T1001,2
T1039,1
T1584.006,14
T1601,4
T1574,15
T1574,6
T1036.012,15
T1059.011,6
T1027.005,15
T1204.003,6
T1543.005,11
T1543.005,12
T1078,15
T1078,11
T1078,12
T1078,9
T1571,2
T1585.001,14
T1055.012,15
T1055.012,12
T1068,12
T1564.009,15
T1531,8
T1110.004,3
T1027,15
T1556.006,4
T1556.006,11
T1556.006,3
T1114.002,1
T1505.004,11
T1036.001,15
T1683,14
T1564.006,15
T1027.014,15
T1201,5
T1546,12
T1546,11
T1546.004,12
T1546.004,11
T1187,3
T1134.005,15
T1134.005,12
T1599,4
T1486,8
T1690,4
T1553,4
T1548.004,12
T1592.003,13
T1573,2
T1547.002,11
T1547.002,12
T1218.010,15
T1567.003,7
T1592.002,13
T1056,1
T1056,3
T1566.004,9
T1587.004,14
T1685,4
T1593.001,13
T1213.004,1
T1546.015,12
T1546.015,11
T1589.001,13
T1195.002,9
T1036.003,15
T1102.002,2
T1203,6
T1595.003,13
T1667,8
T1137.004,11
T1573.002,2
T1567.002,7
T1570,10
T1574.009,15
T1574.009,6
T1608.003,14
T1037.005,11
T1037.005,12
T1614.001,5
T1095,2
T1059.013,6
T1027.003,15
T1584.002,14
T1671,11
T1001.003,2
T1012,5
T1030,7
T1550.004,10
T1078.002,15
T1078.002,11
T1078.002,12
T1078.002,9
T1218.009,15
T1546.018,11
T1546.018,12
T1553.004,4
T1037.003,11
T1037.003,12
T1499,8
T1027.004,15
T1688,4
T1614,5
T1564.007,15
T1197,15
T1197,11
T1197,6
T1127.001,15
T1127.001,6
T1578.005,4
T1090.004,2
T1557.002,3
T1557.002,1
T1518.001,5
T1564.003,15
T1127.002,15
T1127.002,6
T1059.006,6
T1070.010,15
T1591.004,13
T1132,2
T1546.010,12
T1546.010,11
T1598,13
T1496,8
T1684.001,15
T1585,14
T1588,14
T1546.002,12
T1546.002,11
T1556.009,4
T1556.009,11
T1556.009,3
T1578.002,4
T1555.006,3
T1213.003,1
T1565.002,8
T1003.008,3
T1543.001,11
T1543.001,12
T1569,6
T1059.003,6
T1055.009,15
T1055.009,12
T1650,14
T1601.001,4
T1558.002,3
T1213,1
T1070.009,15
T1059.012,6
T1555.004,3
T1036.010,15
T1200,9
T1219.002,2
T1505,11
T1485,8
T1132.002,2
T1556.001,4
T1556.001,11
T1556.001,3
T1537,7
T1027.006,15
T1556.005,4
T1556.005,11
T1556.005,3
T1027.010,15
T1070.004,15
T1189,9
T1498,8
T1651,6
T1546.016,12
T1546.016,11
T1595.001,13
T1221,15
T1037.004,11
T1037.004,12
T1134,15
T1134,12
T1111,3
T1027.002,15
T1584.007,14
T1071.001,2
T1059.005,6
T1564.005,15
T1543.002,11
T1543.002,12
T1668,11
T1563.002,10
T1136,11
T1547.013,11
T1547.013,12
T1584.004,14
T1526,5
T1204.004,6
T1018,5
T1046,5
T1590.001,13
T1518,5
T1538,5
T1055.005,15
T1055.005,12
T1622,15
T1622,5
T1036.006,15
T1547.007,11
T1547.007,12
T1608.006,14
T1550.002,10
T1052,7
T1105,2
T1216.002,15
T1098.002,11
T1098.002,12
T1588.003,14
T1648,6
T1548.006,12
T1027.018,15
T1055.008,15
T1055.008,12
T1653,11
T1027.007,15
T1021.001,10
T1037.001,11
T1037.001,12
T1055.015,15
T1055.015,12
T1665,2
T1484,4
T1484,12
T1220,15
T1596.005,13
T1564.001,15
T1578.001,4
T1591.001,13
T1137.002,11
T1587,14
T1003.003,3
T1686.001,4
T1602.001,1
T1686,4
T1001.002,2
T1204.001,6
T1550.001,10
T1547.008,11
T1547.008,12
T1569.002,6
T1078.004,15
T1078.004,11
T1078.004,12
T1078.004,9
T1480.001,15
T1008,2
T1680,5
T1564.004,15
T1558.003,3
T1003.006,3
T1124,5
T1053.002,6
T1053.002,11
T1053.002,12
T1055.001,15
T1055.001,12
T1588.005,14
T1556,4
T1556,11
T1556,3
T1546.017,11
T1546.017,12
T1056.004,1
T1056.004,3
T1495,8
T1490,8
T1546.007,12
T1546.007,11
T1566.003,9
T1090.001,2
T1216,15
T1102.001,2
T1001.001,2
T1598.001,13
T1505.006,11
T1552.007,3
T1584.001,14
T1505.001,11
T1556.004,4
T1556.004,11
T1556.004,3
T1561.001,8
T1213.005,1
T1048.003,7
T1027.015,15
T1574.004,15
T1574.004,6
T1601.002,4
T1684.002,15
T1078.003,15
T1078.003,11
T1078.003,12
T1078.003,9
T1669,9
T1211,15
T1127,15
T1127,6
T1529,8
T1218.014,15
T1564.010,15
T1574.012,15
T1574.012,6
