technique_id,platform_id
T1055.011,10
T1053.005,10
T1205.002,5
T1205.002,11
T1205.002,10
T1560.001,5
T1560.001,11
T1560.001,10
T1021.005,5
T1021.005,10
T1021.005,11
T1047,10
T1687,3
T1687,5
T1687,11
T1687,9
T1687,10
T1113,5
T1113,11
T1113,10
T1027.011,5
T1027.011,10
T1037,2
T1037,5
T1037,11
T1037,6
T1037,10
T1557,5
T1557,11
T1557,6
T1557,10
T1033,5
T1033,11
T1033,6
T1033,10
T1583,8
T1218.011,10
T1613,1
T1583.007,8
T1132.001,2
T1132.001,5
T1132.001,11
T1132.001,10
T1027.009,5
T1027.009,11
T1027.009,10
T1556.003,5
T1556.003,11
T1578.004,3
T1592,8
T1596.003,8
T1056.001,5
T1056.001,11
T1056.001,6
T1056.001,10
T1564.012,5
T1564.012,11
T1564.012,10
T1222.002,5
T1222.002,11
T1110.001,1
T1110.001,2
T1110.001,3
T1110.001,4
T1110.001,5
T1110.001,11
T1110.001,6
T1110.001,7
T1110.001,9
T1110.001,10
T1216.001,10
T1597.002,8
T1003,5
T1003,11
T1003,10
T1129,5
T1129,11
T1129,10
T1602,6
T1561.002,5
T1561.002,11
T1561.002,6
T1561.002,10
T1498.001,10
T1498.001,3
T1498.001,5
T1498.001,11
T1574.007,5
T1574.007,11
T1574.007,10
T1213.002,7
T1213.002,10
T1006,6
T1006,10
T1588.007,8
T1666,3
T1564.008,10
T1564.008,5
T1564.008,11
T1564.008,7
T1491.002,10
T1491.002,3
T1491.002,5
T1491.002,11
T1027.013,5
T1027.013,11
T1027.013,10
T1590.005,8
T1499.001,5
T1499.001,11
T1499.001,10
T1014,5
T1014,11
T1014,10
T1546.013,10
T1059.007,5
T1059.007,11
T1059.007,10
T1685.003,5
T1685.003,11
T1685.003,10
T1590.002,8
T1485.001,3
T1123,5
T1123,11
T1123,10
T1543,1
T1543,5
T1543,11
T1543,10
T1133,1
T1133,5
T1133,11
T1133,10
T1546.006,11
T1539,5
T1539,11
T1539,7
T1539,9
T1539,10
T1053.007,1
T1568.002,2
T1568.002,5
T1568.002,11
T1568.002,10
T1036.007,10
T1548.002,10
T1496.003,9
T1016.001,10
T1016.001,5
T1016.001,11
T1016.001,2
T1548.003,5
T1548.003,11
T1685.001,10
T1682,8
T1560.003,5
T1560.003,11
T1560.003,10
T1578,3
T1584.008,8
T1583.008,8
T1069,1
T1069,3
T1069,4
T1069,5
T1069,11
T1069,7
T1069,9
T1069,10
T1114,10
T1114,11
T1114,5
T1114,7
T1003.002,10
T1596.002,8
T1542.001,6
T1542.001,10
T1594,8
T1069.003,9
T1069.003,3
T1069.003,7
T1069.003,4
T1574.011,10
T1596.001,8
T1499.003,10
T1499.003,3
T1499.003,5
T1499.003,11
T1195.001,5
T1195.001,11
T1195.001,10
T1588.004,8
T1583.002,8
T1561,5
T1561,11
T1561,10
T1561,6
T1071.004,2
T1071.004,5
T1071.004,11
T1071.004,6
T1071.004,10
T1552.005,3
T1555.002,5
T1555.002,11
T1615,10
T1542.003,5
T1542.003,10
T1025,5
T1025,11
T1025,10
T1218.013,10
T1074.001,2
T1074.001,5
T1074.001,11
T1074.001,10
T1036.005,1
T1036.005,2
T1036.005,5
T1036.005,11
T1036.005,10
T1587.003,8
T1565.001,5
T1565.001,11
T1565.001,10
T1110.002,4
T1110.002,5
T1110.002,11
T1110.002,6
T1110.002,7
T1110.002,10
T1114.001,10
T1555.001,11
T1547,5
T1547,11
T1547,10
T1547,6
T1003.004,10
T1600,6
T1606.002,9
T1606.002,10
T1606.002,3
T1606.002,7
T1606.002,4
T1036.008,5
T1036.008,11
T1036.008,10
T1489,2
T1489,3
T1489,5
T1489,11
T1489,10
T1587.001,8
T1652,5
T1652,11
T1652,10
T1087.002,5
T1087.002,11
T1087.002,10
T1547.014,10
T1564,2
T1564,5
T1564,11
T1564,7
T1564,10
T1559.002,10
T1204.002,5
T1204.002,11
T1204.002,10
T1591.003,8
T1685.004,5
T1071.005,11
T1071.005,5
T1071.005,10
T1071.005,6
T1592.001,8
T1080,10
T1080,9
T1080,5
T1080,11
T1080,7
T1484.002,4
T1484.002,10
T1213.006,3
T1213.006,5
T1213.006,11
T1213.006,9
T1213.006,10
T1573.001,2
T1573.001,5
T1573.001,11
T1573.001,6
T1573.001,10
T1087.001,2
T1087.001,5
T1087.001,11
T1087.001,10
T1586.001,8
T1176.001,5
T1176.001,10
T1176.001,11
T1542.005,6
T1686.003,10
T1543.003,10
T1568.001,5
T1568.001,11
T1568.001,10
T1568.001,2
T1497.001,5
T1497.001,11
T1497.001,10
T1053.003,5
T1053.003,11
T1053.003,2
T1069.002,5
T1069.002,11
T1069.002,10
T1588.006,8
T1566.002,4
T1566.002,5
T1566.002,11
T1566.002,7
T1566.002,9
T1566.002,10
T1499.004,10
T1499.004,3
T1499.004,5
T1499.004,11
T1137,10
T1137,7
T1218.004,10
T1598.003,8
T1021.004,2
T1021.004,5
T1021.004,11
T1098.003,3
T1098.003,4
T1098.003,7
T1098.003,9
T1547.012,10
T1566.001,5
T1566.001,11
T1566.001,10
T1027.008,5
T1027.008,11
T1027.008,6
T1027.008,10
T1559.001,10
T1574.001,10
T1119,3
T1119,5
T1119,11
T1119,7
T1119,9
T1119,10
T1689,11
T1689,10
T1689,5
T1115,5
T1115,11
T1115,10
T1003.007,5
T1583.005,8
T1555.005,5
T1555.005,11
T1555.005,10
T1553.001,11
T1675,2
T1608.004,8
T1007,5
T1007,11
T1007,10
T1040,3
T1040,5
T1040,11
T1040,6
T1040,10
T1553.002,11
T1553.002,10
T1530,3
T1530,7
T1530,9
T1565.003,5
T1565.003,11
T1565.003,10
T1552.002,10
T1135,5
T1135,11
T1135,10
T1120,5
T1120,11
T1120,10
T1036.009,5
T1036.009,11
T1590.004,8
T1587.002,8
T1222.001,10
T1137.006,10
T1137.006,7
T1685.002,3
T1685.002,9
T1685.002,4
T1685.002,7
T1505.002,5
T1505.002,10
T1082,2
T1082,3
T1082,5
T1082,11
T1082,6
T1082,10
T1071,5
T1071,11
T1071,10
T1071,6
T1071,2
T1574.014,10
T1074.002,2
T1074.002,3
T1074.002,5
T1074.002,11
T1074.002,10
T1098.006,1
T1053,1
T1053,2
T1053,5
T1053,11
T1053,6
T1053,10
T1218.007,10
T1590.003,8
T1498.002,10
T1498.002,3
T1498.002,5
T1498.002,11
T1556.002,10
T1505.005,10
T1059.002,11
T1176,5
T1176,11
T1176,10
T1499.002,10
T1499.002,3
T1499.002,5
T1499.002,11
T1195.003,5
T1195.003,11
T1195.003,10
T1106,5
T1106,11
T1106,10
T1558.005,5
T1558.005,11
T1070.007,5
T1070.007,11
T1070.007,10
T1070.007,6
T1558.004,10
T1584.003,8
T1059.010,10
T1600.001,6
T1070.003,2
T1070.003,5
T1070.003,11
T1070.003,6
T1070.003,10
T1202,10
T1091,10
T1005,2
T1005,5
T1005,11
T1005,6
T1005,10
T1140,2
T1140,5
T1140,11
T1140,10
T1137.005,10
T1137.005,7
T1586.003,8
T1586.002,8
T1098.007,10
T1098.007,11
T1098.007,5
T1608.001,8
T1195,5
T1195,10
T1195,11
T1195,9
T1190,1
T1190,2
T1190,3
T1190,5
T1190,11
T1190,6
T1190,10
T1558,5
T1558,11
T1558,10
T1555,3
T1555,5
T1555,11
T1555,10
T1567,2
T1567,5
T1567,11
T1567,7
T1567,9
T1567,10
T1219,5
T1219,11
T1219,10
T1583.001,8
T1560.002,5
T1560.002,11
T1560.002,10
T1055.003,10
T1684,5
T1684,11
T1684,7
T1684,9
T1684,10
T1036,1
T1036,2
T1036,5
T1036,11
T1036,10
T1546.011,10
T1552,10
T1552,9
T1552,3
T1552,5
T1552,11
T1552,1
T1552,6
T1552,7
T1552,4
T1547.010,10
T1070.008,5
T1070.008,11
T1070.008,7
T1070.008,10
T1037.002,11
T1659,5
T1659,11
T1659,10
T1055,5
T1055,11
T1055,10
T1567.004,2
T1567.004,5
T1567.004,11
T1567.004,7
T1567.004,9
T1567.004,10
T1205,5
T1205,11
T1205,6
T1205,10
T1021.008,3
T1218,5
T1218,11
T1218,10
T1070.006,2
T1070.006,5
T1070.006,11
T1070.006,10
T1557.004,6
T1620,5
T1620,11
T1620,10
T1016.002,5
T1016.002,10
T1016.002,11
T1480.002,5
T1480.002,11
T1480.002,10
T1564.011,5
T1564.011,11
T1564.011,10
T1611,10
T1611,5
T1611,1
T1611,2
T1518.002,10
T1518.002,11
T1518.002,5
T1547.009,10
T1010,5
T1010,11
T1010,10
T1569.003,5
T1087.003,10
T1087.003,7
T1497.003,5
T1497.003,11
T1497.003,10
T1218.003,10
T1563.001,5
T1563.001,11
T1029,5
T1029,11
T1029,10
T1021.002,10
T1525,3
T1525,1
T1572,2
T1572,5
T1572,11
T1572,10
T1218.002,10
T1599.001,6
T1608.002,8
T1547.005,10
T1036.011,5
T1550,1
T1550,3
T1550,4
T1550,5
T1550,7
T1550,9
T1550,10
T1597.001,8
T1011,5
T1011,11
T1011,10
T1602.002,6
T1589,8
T1560,5
T1560,11
T1560,10
T1553.003,10
T1185,10
T1021,5
T1021,11
T1021,10
T1021,3
T1021,2
T1071.003,5
T1071.003,11
T1071.003,6
T1071.003,10
T1556.007,3
T1556.007,4
T1556.007,7
T1556.007,9
T1556.007,10
T1595.002,8
T1059.009,3
T1059.009,4
T1059.009,7
T1059.009,9
T1596,8
T1218.015,5
T1218.015,11
T1218.015,10
T1207,10
T1553.006,11
T1553.006,10
T1610,1
T1112,10
T1543.004,11
T1580,3
T1555.003,5
T1555.003,11
T1555.003,10
T1574.008,10
T1491,10
T1491,3
T1491,5
T1491,11
T1491,2
T1535,3
T1557.003,5
T1557.003,10
T1557.003,11
T1563,5
T1563,11
T1563,10
T1564.013,5
T1027.001,5
T1027.001,11
T1027.001,10
T1505.003,5
T1505.003,11
T1505.003,6
T1505.003,10
T1484.001,10
T1685.006,5
T1685.006,11
T1217,5
T1217,11
T1217,10
T1552.004,5
T1552.004,11
T1552.004,6
T1552.004,10
T1583.004,8
T1021.006,10
T1011.001,5
T1011.001,11
T1011.001,10
T1078.001,1
T1078.001,2
T1078.001,3
T1078.001,4
T1078.001,5
T1078.001,11
T1078.001,6
T1078.001,7
T1078.001,9
T1078.001,10
T1547.003,10
T1546.005,11
T1546.005,5
T1574.006,5
T1574.006,11
T1136.001,1
T1136.001,2
T1136.001,5
T1136.001,11
T1136.001,6
T1136.001,10
T1681,8
T1674,10
T1674,11
T1674,5
T1092,5
T1092,11
T1092,10
T1585.002,8
T1557.001,10
T1222,2
T1222,5
T1222,11
T1222,10
T1003.001,10
T1176.002,5
T1176.002,11
T1176.002,10
T1595,8
T1027.016,5
T1027.016,11
T1027.016,10
T1548,5
T1548,11
T1548,10
T1548,3
T1548,7
T1548,4
T1134.002,10
T1548.001,5
T1548.001,11
T1547.004,10
T1021.003,10
T1110.003,1
T1110.003,2
T1110.003,3
T1110.003,4
T1110.003,5
T1110.003,6
T1110.003,7
T1110.003,9
T1110.003,10
T1110.003,11
T1090.002,2
T1090.002,5
T1090.002,11
T1090.002,6
T1090.002,10
T1056.003,5
T1056.003,11
T1056.003,10
T1589.002,8
T1598.004,8
T1683.001,8
T1003.005,10
T1003.005,5
T1098.004,2
T1098.004,3
T1098.004,5
T1098.004,11
T1098.004,6
T1673,2
T1673,5
T1673,11
T1673,10
T1590.006,8
T1546.012,10
T1218.008,10
T1593.002,8
T1591.002,8
T1548.005,3
T1548.005,7
T1548.005,4
T1125,5
T1125,11
T1125,10
T1055.013,10
T1016,2
T1016,5
T1016,11
T1016,6
T1016,10
T1578.003,3
T1593.003,8
T1574.005,10
T1546.008,10
T1496.002,5
T1496.002,10
T1496.002,11
T1496.002,3
T1496.002,1
T1087,2
T1087,3
T1087,4
T1087,5
T1087,11
T1087,7
T1087,9
T1087,10
T1090,2
T1090,5
T1090,11
T1090,6
T1090,10
T1059,1
T1059,2
T1059,3
T1059,4
T1059,5
T1059,11
T1059,6
T1059,7
T1059,9
T1059,10
T1204.005,5
T1204.005,11
T1204.005,10
T1685.005,10
T1136.002,5
T1136.002,11
T1136.002,10
T1564.014,5
T1564.014,11
T1589.003,8
T1677,9
T1482,10
T1558.001,10
T1020,5
T1020,11
T1020,6
T1020,10
T1592.004,8
T1219.001,5
T1219.001,11
T1219.001,10
T1036.002,5
T1036.002,11
T1036.002,10
T1588.001,8
T1027.017,5
T1027.017,11
T1027.017,10
T1542.002,10
T1542.002,5
T1542.002,11
T1070,1
T1070,2
T1070,5
T1070,11
T1070,6
T1070,7
T1070,10
T1048.001,5
T1048.001,11
T1048.001,10
T1048.001,2
T1137.001,7
T1137.001,10
T1583.003,8
T1213.001,9
T1550.003,10
T1609,1
T1083,2
T1083,5
T1083,11
T1083,6
T1083,10
T1568,2
T1568,5
T1568,11
T1568,10
T1036.004,5
T1036.004,11
T1036.004,10
T1055.004,10
T1020.001,6
T1020.001,3
T1647,11
T1127.003,10
T1546.009,10
T1114.003,5
T1114.003,11
T1114.003,7
T1114.003,10
T1074,2
T1074,3
T1074,5
T1074,11
T1074,10
T1649,10
T1649,5
T1649,11
T1649,4
T1098.005,10
T1098.005,4
T1049,2
T1049,3
T1049,5
T1049,11
T1049,6
T1049,10
T1584,8
T1553.005,10
T1600.002,6
T1542,5
T1542,11
T1542,6
T1542,10
T1612,1
T1055.002,10
T1218.012,10
T1586,8
T1569.001,11
T1584.005,8
T1059.008,6
T1552.003,5
T1552.003,11
T1552.003,10
T1559.003,11
T1497,5
T1497,11
T1497,10
T1102,2
T1102,5
T1102,11
T1102,10
T1552.001,1
T1552.001,3
T1552.001,5
T1552.001,11
T1552.001,10
T1568.003,2
T1568.003,5
T1568.003,11
T1568.003,10
T1218.005,10
T1547.015,11
T1608,8
T1608.005,8
T1104,5
T1104,11
T1104,10
T1104,2
T1657,5
T1657,11
T1657,7
T1657,9
T1657,10
T1480,2
T1480,5
T1480,11
T1480,10
T1619,3
T1606.001,5
T1606.001,11
T1606.001,10
T1606.001,9
T1606.001,3
T1654,2
T1654,3
T1654,5
T1654,11
T1654,10
T1134.001,10
T1567.001,2
T1567.001,5
T1567.001,11
T1567.001,10
T1021.007,3
T1021.007,4
T1021.007,7
T1021.007,9
T1205.001,5
T1205.001,11
T1205.001,6
T1205.001,10
T1027.012,10
T1583.006,8
T1528,1
T1528,3
T1528,4
T1528,7
T1528,9
T1598.002,8
T1098.001,3
T1098.001,4
T1098.001,9
T1204,5
T1204,10
T1204,11
T1204,3
T1204,1
T1491.001,2
T1491.001,5
T1491.001,11
T1491.001,10
T1564.002,5
T1564.002,11
T1564.002,10
T1134.003,10
T1552.006,10
T1048.002,2
T1048.002,5
T1048.002,11
T1048.002,10
T1087.004,3
T1087.004,4
T1087.004,7
T1087.004,9
T1683.002,8
T1057,2
T1057,5
T1057,11
T1057,6
T1057,10
T1556.008,10
T1546.003,10
T1596.004,8
T1497.002,5
T1497.002,11
T1497.002,10
T1496.004,9
T1585.003,8
T1072,5
T1072,11
T1072,6
T1072,9
T1072,10
T1041,2
T1041,5
T1041,11
T1041,10
T1134.004,10
T1591,8
T1606,9
T1606,10
T1606,11
T1606,5
T1606,3
T1606,7
T1606,4
T1621,10
T1621,5
T1621,11
T1621,3
T1621,9
T1621,7
T1621,4
T1554,2
T1554,5
T1554,11
T1554,10
T1552.008,9
T1552.008,7
T1059.001,10
T1546.001,10
T1055.014,5
T1071.002,2
T1071.002,5
T1071.002,11
T1071.002,6
T1071.002,10
T1679,10
T1212,5
T1212,10
T1212,11
T1212,4
T1546.014,11
T1102.003,5
T1102.003,11
T1102.003,10
T1102.003,2
T1590,8
T1210,5
T1210,10
T1210,11
T1210,2
T1534,5
T1534,11
T1534,7
T1534,9
T1534,10
T1574.010,10
T1547.001,10
T1199,3
T1199,4
T1199,5
T1199,11
T1199,7
T1199,9
T1199,10
T1136.003,3
T1136.003,9
T1136.003,7
T1136.003,4
T1069.001,5
T1069.001,11
T1069.001,10
T1593,8
T1098,1
T1098,2
T1098,3
T1098,4
T1098,5
T1098,11
T1098,6
T1098,7
T1098,9
T1098,10
T1048,2
T1048,3
T1048,5
T1048,11
T1048,6
T1048,7
T1048,9
T1048,10
T1547.006,11
T1547.006,5
T1678,5
T1678,11
T1678,10
T1056.002,5
T1056.002,11
T1056.002,10
T1686.002,6
T1588.002,8
T1052.001,5
T1052.001,10
T1052.001,11
T1574.013,10
T1597,8
T1053.006,5
T1566,4
T1566,5
T1566,11
T1566,7
T1566,9
T1566,10
T1542.004,6
T1218.001,10
T1496.001,10
T1496.001,3
T1496.001,5
T1496.001,11
T1496.001,1
T1070.005,10
T1090.003,2
T1090.003,5
T1090.003,11
T1090.003,6
T1090.003,10
T1110,1
T1110,2
T1110,3
T1110,4
T1110,5
T1110,11
T1110,6
T1110,7
T1110,9
T1110,10
T1059.004,2
T1059.004,5
T1059.004,11
T1059.004,6
T1137.003,10
T1137.003,7
T1219.003,5
T1219.003,11
T1219.003,10
T1565,5
T1565,11
T1565,10
T1559,5
T1559,11
T1559,10
T1001,2
T1001,5
T1001,11
T1001,10
T1039,5
T1039,11
T1039,10
T1584.006,8
T1601,6
T1574,5
T1574,11
T1574,10
T1036.012,5
T1036.012,11
T1036.012,10
T1059.011,5
T1059.011,6
T1059.011,10
T1059.011,11
T1027.005,5
T1027.005,11
T1027.005,10
T1204.003,3
T1204.003,1
T1543.005,1
T1078,1
T1078,2
T1078,3
T1078,4
T1078,5
T1078,11
T1078,6
T1078,7
T1078,9
T1078,10
T1571,2
T1571,5
T1571,11
T1571,10
T1585.001,8
T1055.012,10
T1068,1
T1068,5
T1068,11
T1068,10
T1564.009,11
T1531,5
T1531,11
T1531,10
T1531,9
T1531,3
T1531,7
T1531,2
T1110.004,1
T1110.004,2
T1110.004,3
T1110.004,4
T1110.004,5
T1110.004,11
T1110.004,6
T1110.004,7
T1110.004,9
T1110.004,10
T1027,2
T1027,5
T1027,11
T1027,6
T1027,10
T1556.006,3
T1556.006,4
T1556.006,5
T1556.006,11
T1556.006,7
T1556.006,9
T1556.006,10
T1114.002,7
T1114.002,10
T1505.004,10
T1036.001,11
T1036.001,10
T1683,8
T1564.006,2
T1564.006,5
T1564.006,11
T1564.006,10
T1027.014,5
T1027.014,11
T1027.014,10
T1201,10
T1201,5
T1201,11
T1201,3
T1201,6
T1201,4
T1201,9
T1201,7
T1546,5
T1546,11
T1546,10
T1546,9
T1546,3
T1546,7
T1546.004,5
T1546.004,11
T1187,10
T1134.005,10
T1599,6
T1486,2
T1486,3
T1486,5
T1486,11
T1486,10
T1690,2
T1690,5
T1690,11
T1690,6
T1690,10
T1553,5
T1553,11
T1553,10
T1548.004,11
T1592.003,8
T1573,2
T1573,5
T1573,11
T1573,6
T1573,10
T1547.002,10
T1218.010,10
T1567.003,5
T1567.003,11
T1567.003,10
T1567.003,2
T1592.002,8
T1056,5
T1056,11
T1056,6
T1056,10
T1566.004,5
T1566.004,11
T1566.004,10
T1566.004,4
T1587.004,8
T1685,1
T1685,2
T1685,3
T1685,5
T1685,11
T1685,6
T1685,10
T1593.001,8
T1213.004,9
T1546.015,10
T1589.001,8
T1195.002,5
T1195.002,10
T1195.002,11
T1036.003,5
T1036.003,11
T1036.003,10
T1102.002,2
T1102.002,5
T1102.002,11
T1102.002,10
T1203,5
T1203,11
T1203,10
T1595.003,8
T1667,5
T1667,7
T1667,10
T1667,11
T1137.004,10
T1137.004,7
T1573.002,2
T1573.002,5
T1573.002,11
T1573.002,6
T1573.002,10
T1567.002,2
T1567.002,5
T1567.002,11
T1567.002,10
T1570,2
T1570,5
T1570,11
T1570,10
T1574.009,10
T1608.003,8
T1037.005,11
T1614.001,5
T1614.001,11
T1614.001,10
T1095,2
T1095,5
T1095,11
T1095,6
T1095,10
T1059.013,1
T1027.003,5
T1027.003,11
T1027.003,10
T1584.002,8
T1671,7
T1671,9
T1001.003,2
T1001.003,5
T1001.003,11
T1001.003,10
T1012,10
T1030,5
T1030,11
T1030,10
T1030,2
T1550.004,3
T1550.004,7
T1550.004,9
T1078.002,2
T1078.002,5
T1078.002,11
T1078.002,10
T1218.009,10
T1546.018,5
T1546.018,11
T1546.018,10
T1553.004,5
T1553.004,11
T1553.004,10
T1037.003,10
T1499,10
T1499,5
T1499,11
T1499,1
T1499,3
T1027.004,5
T1027.004,11
T1027.004,10
T1688,10
T1614,3
T1614,5
T1614,11
T1614,10
T1564.007,5
T1564.007,11
T1564.007,10
T1197,10
T1127.001,10
T1578.005,3
T1090.004,5
T1090.004,11
T1090.004,10
T1090.004,2
T1557.002,5
T1557.002,10
T1557.002,11
T1518.001,3
T1518.001,5
T1518.001,11
T1518.001,10
T1564.003,5
T1564.003,11
T1564.003,10
T1127.002,10
T1059.006,2
T1059.006,5
T1059.006,11
T1059.006,10
T1070.010,5
T1070.010,11
T1070.010,6
T1070.010,10
T1591.004,8
T1132,2
T1132,5
T1132,11
T1132,10
T1546.010,10
T1598,8
T1496,10
T1496,3
T1496,5
T1496,11
T1496,1
T1496,9
T1684.001,5
T1684.001,11
T1684.001,7
T1684.001,9
T1684.001,10
T1585,8
T1588,8
T1546.002,10
T1556.009,3
T1556.009,4
T1578.002,3
T1555.006,3
T1213.003,9
T1565.002,5
T1565.002,11
T1565.002,10
T1003.008,5
T1543.001,11
T1569,10
T1569,11
T1569,5
T1059.003,10
T1055.009,5
T1650,8
T1601.001,6
T1558.002,10
T1213,5
T1213,10
T1213,11
T1213,9
T1213,3
T1213,7
T1070.009,2
T1070.009,5
T1070.009,11
T1070.009,10
T1059.012,2
T1555.004,10
T1036.010,1
T1036.010,3
T1036.010,4
T1036.010,5
T1036.010,11
T1036.010,7
T1036.010,9
T1036.010,10
T1200,10
T1200,5
T1200,11
T1219.002,5
T1219.002,11
T1219.002,10
T1505,10
T1505,5
T1505,11
T1505,6
T1505,2
T1485,1
T1485,2
T1485,3
T1485,5
T1485,11
T1485,10
T1132.002,2
T1132.002,5
T1132.002,11
T1132.002,10
T1556.001,10
T1537,3
T1537,7
T1537,9
T1027.006,5
T1027.006,11
T1027.006,10
T1556.005,10
T1027.010,5
T1027.010,11
T1027.010,10
T1070.004,2
T1070.004,5
T1070.004,11
T1070.004,10
T1189,4
T1189,5
T1189,11
T1189,10
T1498,10
T1498,3
T1498,5
T1498,11
T1498,1
T1651,3
T1546.016,5
T1546.016,11
T1546.016,10
T1595.001,8
T1221,10
T1037.004,11
T1037.004,5
T1037.004,6
T1037.004,2
T1134,10
T1111,5
T1111,11
T1111,10
T1027.002,5
T1027.002,11
T1027.002,10
T1584.007,8
T1071.001,2
T1071.001,5
T1071.001,11
T1071.001,6
T1071.001,10
T1059.005,5
T1059.005,11
T1059.005,10
T1564.005,5
T1564.005,11
T1564.005,10
T1543.002,5
T1668,5
T1668,11
T1668,10
T1563.002,10
T1136,10
T1136,3
T1136,5
T1136,11
T1136,6
T1136,1
T1136,9
T1136,7
T1136,4
T1136,2
T1547.013,5
T1584.004,8
T1526,3
T1526,4
T1526,7
T1526,9
T1204.004,5
T1204.004,11
T1204.004,10
T1018,2
T1018,5
T1018,11
T1018,6
T1018,10
T1046,1
T1046,3
T1046,5
T1046,11
T1046,6
T1046,10
T1590.001,8
T1518,2
T1518,3
T1518,5
T1518,11
T1518,10
T1538,3
T1538,9
T1538,7
T1538,4
T1055.005,10
T1622,5
T1622,11
T1622,10
T1036.006,5
T1036.006,11
T1547.007,11
T1608.006,8
T1550.002,10
T1052,5
T1052,11
T1052,10
T1105,2
T1105,5
T1105,11
T1105,6
T1105,10
T1216.002,10
T1098.002,10
T1098.002,7
T1588.003,8
T1648,9
T1648,3
T1648,7
T1548.006,11
T1027.018,5
T1027.018,11
T1027.018,10
T1055.008,5
T1653,10
T1653,5
T1653,11
T1653,6
T1027.007,10
T1021.001,10
T1037.001,10
T1055.015,10
T1665,2
T1665,5
T1665,11
T1665,6
T1665,10
T1484,10
T1484,4
T1220,10
T1596.005,8
T1564.001,5
T1564.001,11
T1564.001,10
T1578.001,3
T1591.001,8
T1137.002,10
T1137.002,7
T1587,8
T1003.003,10
T1686.001,3
T1602.001,6
T1686,2
T1686,5
T1686,11
T1686,6
T1686,10
T1001.002,5
T1001.002,11
T1001.002,10
T1001.002,2
T1204.001,5
T1204.001,11
T1204.001,10
T1550.001,1
T1550.001,3
T1550.001,4
T1550.001,7
T1550.001,9
T1547.008,10
T1569.002,10
T1078.004,3
T1078.004,4
T1078.004,7
T1078.004,9
T1480.001,5
T1480.001,10
T1480.001,11
T1008,2
T1008,5
T1008,11
T1008,10
T1680,2
T1680,3
T1680,5
T1680,11
T1680,10
T1564.004,10
T1558.003,10
T1003.006,10
T1124,2
T1124,5
T1124,11
T1124,6
T1124,10
T1053.002,10
T1053.002,5
T1053.002,11
T1055.001,10
T1588.005,8
T1556,3
T1556,4
T1556,5
T1556,11
T1556,6
T1556,7
T1556,9
T1556,10
T1546.017,5
T1056.004,10
T1056.004,5
T1056.004,11
T1495,5
T1495,11
T1495,6
T1495,10
T1490,1
T1490,2
T1490,3
T1490,5
T1490,11
T1490,6
T1490,10
T1546.007,10
T1566.003,5
T1566.003,11
T1566.003,10
T1090.001,2
T1090.001,5
T1090.001,11
T1090.001,6
T1090.001,10
T1216,10
T1102.001,2
T1102.001,5
T1102.001,11
T1102.001,10
T1001.001,2
T1001.001,5
T1001.001,11
T1001.001,10
T1598.001,8
T1505.006,2
T1552.007,1
T1584.001,8
T1505.001,10
T1505.001,5
T1556.004,6
T1561.001,5
T1561.001,11
T1561.001,6
T1561.001,10
T1213.005,7
T1213.005,9
T1048.003,2
T1048.003,5
T1048.003,11
T1048.003,6
T1048.003,10
T1027.015,5
T1027.015,11
T1027.015,10
T1574.004,11
T1601.002,6
T1684.002,5
T1684.002,11
T1684.002,7
T1684.002,10
T1078.003,1
T1078.003,2
T1078.003,5
T1078.003,11
T1078.003,6
T1078.003,10
T1669,5
T1669,6
T1669,10
T1669,11
T1211,5
T1211,10
T1211,11
T1211,9
T1211,3
T1127,10
T1529,2
T1529,5
T1529,11
T1529,6
T1529,10
T1218.014,10
T1564.010,10
T1574.012,10
